file_name,tag,caption_cn,filepath,keyword
94a8f1e5bb3933204eb241fcb3ff9dfe.jpg,红色落地窗帘,红色落地窗帘,./data/img/94a8f1e5bb3933204eb241fcb3ff9dfe.jpg,红色窗帘
6b5f0c5976555c6d0a931f9158e25ba0.jpg,"sun zero becca 节能金属扣眼窗帘 砖红色 40"" x 63"" 53386","sun zero becca 节能金属扣眼窗帘 砖红色 40"" x 63"" 53386",./data/img/6b5f0c5976555c6d0a931f9158e25ba0.jpg,红色窗帘
7d8468afce98b757bd30f37da30be52e.jpg,欧式窗帘红色,欧式窗帘红色,./data/img/7d8468afce98b757bd30f37da30be52e.jpg,红色窗帘
04c3458b1fddcb0ff81a99b57a2223cf.jpg,红色喜庆蕾丝中式客厅窗帘效果图,红色喜庆蕾丝中式客厅窗帘效果图,./data/img/04c3458b1fddcb0ff81a99b57a2223cf.jpg,红色窗帘
94c10548670db012e5a2267db6f34df0.jpg,ucharge 遮光窗帘适用于卧室和起居室隔热孔环顶部窗帘 1 个窗格 红色,ucharge 遮光窗帘适用于卧室和起居室隔热孔环顶部窗帘 1 个窗格 红色,./data/img/94c10548670db012e5a2267db6f34df0.jpg,红色窗帘
f4c43e226b87bab302099569122b72b1.jpg,deconovo 索环*纯色垂坠窗帘 自行车红色 52x63 inch ct0289d-1,deconovo 索环*纯色垂坠窗帘 自行车红色 52x63 inch ct0289d-1,./data/img/f4c43e226b87bab302099569122b72b1.jpg,红色窗帘
6baff1b780a805e1795a845d84245b45.jpg,窗帘红色,窗帘红色,./data/img/6baff1b780a805e1795a845d84245b45.jpg,红色窗帘
ef94fd92d1570ce424aa083e4d6d1d66.jpg,美式红色卧室窗帘,美式红色卧室窗帘,./data/img/ef94fd92d1570ce424aa083e4d6d1d66.jpg,红色窗帘
3fbf61d620a6cbf8ae058e53f21f15a0.jpg,圣奇尼佩斯里高端美式复古红色丝绸双面提花婚房卧室窗帘成品定制,圣奇尼佩斯里高端美式复古红色丝绸双面提花婚房卧室窗帘成品定制,./data/img/3fbf61d620a6cbf8ae058e53f21f15a0.jpg,红色窗帘
371bac059c99e3594253eb47aafbe768.jpg,烫金遮光窗帘,烫金遮光窗帘,./data/img/371bac059c99e3594253eb47aafbe768.jpg,红色窗帘
014ed99a88666aec2ff6aae6cba4d32a.jpg,窗帘红色,窗帘红色,./data/img/014ed99a88666aec2ff6aae6cba4d32a.jpg,红色窗帘
747597cb9580fc3adff7c8d58f997bfc.jpg,金衢窗帘 法式中式艺术压皱丝滑柔软纱帘 客厅卧室婚房酒红色窗纱,金衢窗帘 法式中式艺术压皱丝滑柔软纱帘 客厅卧室婚房酒红色窗纱,./data/img/747597cb9580fc3adff7c8d58f997bfc.jpg,红色窗帘
1406a4c7a239538f8938329d725dfb02.jpg,装修翻车现场—效果与理想背道而驰—窗帘一挂成了大礼堂,装修翻车现场—效果与理想背道而驰—窗帘一挂成了大礼堂,./data/img/1406a4c7a239538f8938329d725dfb02.jpg,红色窗帘
d6397675b210698c55c7c01a9935492a.jpg,新古典别墅玫瑰红色窗帘儿童房装修效果图,新古典别墅玫瑰红色窗帘儿童房装修效果图,./data/img/d6397675b210698c55c7c01a9935492a.jpg,红色窗帘
3161050d563bf1282e2478ae30e062c7.jpg,红色窗帘装饰,红色窗帘装饰,./data/img/3161050d563bf1282e2478ae30e062c7.jpg,红色窗帘
0d2dd7e939a03864fc584455caee117e.jpg,窗帘卧室红色,窗帘卧室红色,./data/img/0d2dd7e939a03864fc584455caee117e.jpg,红色窗帘
0fbdd144d88dec866b550d7fef5e595c.jpg,红色窗帘搭配效果图,红色窗帘搭配效果图,./data/img/0fbdd144d88dec866b550d7fef5e595c.jpg,红色窗帘
f17813ca05f80ba91cac8526c32a0026.jpg,红色窗帘风水怎么样红色窗帘的寓意,红色窗帘风水怎么样红色窗帘的寓意,./data/img/f17813ca05f80ba91cac8526c32a0026.jpg,红色窗帘
61d54cac3ccff45198e488a43a85c941.jpg,窗帘卧室红色,窗帘卧室红色,./data/img/61d54cac3ccff45198e488a43a85c941.jpg,红色窗帘
6e238139e120b18468e357f7c6c4886c.jpg,亮色系窗帘这样搭更美,亮色系窗帘这样搭更美,./data/img/6e238139e120b18468e357f7c6c4886c.jpg,红色窗帘
f786eed59982b991f73e913ab04c3c24.jpg,70平米小复式楼酒红色窗帘装修效果图片,70平米小复式楼酒红色窗帘装修效果图片,./data/img/f786eed59982b991f73e913ab04c3c24.jpg,红色窗帘
1a69ca966901a62059227bba338227e3.jpg,欧式窗帘宫廷豪华,欧式窗帘宫廷豪华,./data/img/1a69ca966901a62059227bba338227e3.jpg,红色窗帘
0d3dc2d613d95bdecce399f1cabbb826.jpg,酒红色窗帘,酒红色窗帘,./data/img/0d3dc2d613d95bdecce399f1cabbb826.jpg,红色窗帘
fc97345f2a8124426bd1781b48558282.jpg,"红色的沙发搭配同色系的窗帘打造浓浓的美式风格,也适合在节庆期间","红色的沙发搭配同色系的窗帘打造浓浓的美式风格,也适合在节庆期间",./data/img/fc97345f2a8124426bd1781b48558282.jpg,红色窗帘
3aea4103e2833e6c503a33a0b79ec48f.jpg,新乡窗帘布艺市场报价2022已更新今日推荐,新乡窗帘布艺市场报价2022已更新今日推荐,./data/img/3aea4103e2833e6c503a33a0b79ec48f.jpg,红色窗帘
de2993e8e466588ce28322bb97a39ab7.jpg,"不同质地的窗帘面料,会产生不同的装饰效果,因此在选择窗帘材质的时候","不同质地的窗帘面料,会产生不同的装饰效果,因此在选择窗帘材质的时候",./data/img/de2993e8e466588ce28322bb97a39ab7.jpg,红色窗帘
681b1e129209843bd17b2fc1e6176687.jpg,窗帘卧室新婚,窗帘卧室新婚,./data/img/681b1e129209843bd17b2fc1e6176687.jpg,红色窗帘
2905ae07f9feef8655ed5a783d8327f9.jpg,红窗帘全遮光,红窗帘全遮光,./data/img/2905ae07f9feef8655ed5a783d8327f9.jpg,红色窗帘
5ffb86833ef380b9ffa70f31493c35bc.jpg,红色雪尼尔窗帘,红色雪尼尔窗帘,./data/img/5ffb86833ef380b9ffa70f31493c35bc.jpg,红色窗帘
efc7748b9ea021871092f8c79d06beaa.jpg,定制窗帘窗纱色黑色白色大红色咖啡色蓝色绿色紫色纱帘12元/米sn8570,定制窗帘窗纱色黑色白色大红色咖啡色蓝色绿色紫色纱帘12元/米sn8570,./data/img/efc7748b9ea021871092f8c79d06beaa.jpg,红色窗帘
2187b5d52a0df31b3edc6507f3c85cfb.jpg,成品定制简约现代卧室落地全遮光布客厅欧式窗帘红色婚房特价窗纱_7折,成品定制简约现代卧室落地全遮光布客厅欧式窗帘红色婚房特价窗纱_7折,./data/img/2187b5d52a0df31b3edc6507f3c85cfb.jpg,红色窗帘
3a956b1334025d0bcc68f2ba4e27afec.jpg,红色窗帘美女图南京交通职业技术学院,红色窗帘美女图南京交通职业技术学院,./data/img/3a956b1334025d0bcc68f2ba4e27afec.jpg,红色窗帘
15581f636435f7843d0535062bf99133.jpg,欧式装修风格红色窗帘设计,欧式装修风格红色窗帘设计,./data/img/15581f636435f7843d0535062bf99133.jpg,红色窗帘
dac23d2bf64b921bae68951bfce99786.jpg,"装修教训:卧室窗帘挑选忌讳,这几个请一定避开","装修教训:卧室窗帘挑选忌讳,这几个请一定避开",./data/img/dac23d2bf64b921bae68951bfce99786.jpg,红色窗帘
029c0f7d189bad4af5ba9cf81012058f.jpg,大红欧式窗帘,大红欧式窗帘,./data/img/029c0f7d189bad4af5ba9cf81012058f.jpg,红色窗帘
197e995e2b85b1e5ef3dd82dabea1daa.jpg,红色纱窗帘,红色纱窗帘,./data/img/197e995e2b85b1e5ef3dd82dabea1daa.jpg,红色窗帘
3b6da285f15375a85495073328816460.jpg,窗帘布艺 饰物肆意混搭更添美感(11),窗帘布艺 饰物肆意混搭更添美感(11),./data/img/3b6da285f15375a85495073328816460.jpg,红色窗帘
c6c0022a0553b559b26afab092feb2e1.jpg,温暖你的心 早春必备客厅窗帘,温暖你的心 早春必备客厅窗帘,./data/img/c6c0022a0553b559b26afab092feb2e1.jpg,红色窗帘
ed2c87cbca94afd6bad711ae61e7e016.jpg,2021红色酒柜装修效果图,2021红色酒柜装修效果图,./data/img/ed2c87cbca94afd6bad711ae61e7e016.jpg,红色窗帘
fa820829f04a8e4f18b5968563825ae5.jpg,3d插图空房间装饰红色窗帘图片素材,3d插图空房间装饰红色窗帘图片素材,./data/img/fa820829f04a8e4f18b5968563825ae5.jpg,红色窗帘
5faeae8d8712644f423587a055385e84.jpg,家装客厅红色窗帘装修设计效果图片,家装客厅红色窗帘装修设计效果图片,./data/img/5faeae8d8712644f423587a055385e84.jpg,红色窗帘
1642877acecfd0a4d7d4433a057d516b.jpg,温馨高档公主风纯色大红色喜庆遮光窗帘卧室客厅结婚婚房窗帘成品_5折,温馨高档公主风纯色大红色喜庆遮光窗帘卧室客厅结婚婚房窗帘成品_5折,./data/img/1642877acecfd0a4d7d4433a057d516b.jpg,红色窗帘
d572d2dc14dc9dca9c88fc6926bdd08b.jpg,韩式红色格子窗帘,韩式红色格子窗帘,./data/img/d572d2dc14dc9dca9c88fc6926bdd08b.jpg,红色窗帘
0dd2e250842ac886bb148bd7ea382e60.jpg,卧室红色婚庆窗帘,卧室红色婚庆窗帘,./data/img/0dd2e250842ac886bb148bd7ea382e60.jpg,红色窗帘
1a15c85c62acd1a75601348bb7d30e2b.jpg,让家居拥有百变表情11款绝美花朵窗帘推荐,让家居拥有百变表情11款绝美花朵窗帘推荐,./data/img/1a15c85c62acd1a75601348bb7d30e2b.jpg,红色窗帘
b0e1b03f3b3e78c420ca69d88d3e520a.jpg,美式窗帘 客厅,美式窗帘 客厅,./data/img/b0e1b03f3b3e78c420ca69d88d3e520a.jpg,红色窗帘
c6d730416ca1f0b4b3fe4e3591bccc78.jpg,橘红色窗帘,橘红色窗帘,./data/img/c6d730416ca1f0b4b3fe4e3591bccc78.jpg,红色窗帘
fc8946f2da6e9cf85e6f3062f53f0c48.jpg,红格印象红色格子法式窗帘蕾丝卧室主卧遮光美式温馨田园风飘窗,红格印象红色格子法式窗帘蕾丝卧室主卧遮光美式温馨田园风飘窗,./data/img/fc8946f2da6e9cf85e6f3062f53f0c48.jpg,红色窗帘
42aa6aec9fc8bd801367911f0b6be140.jpg,"大面积的纯色容易显得单调,而一些格纹元素的窗帘的加入便成了一种既","大面积的纯色容易显得单调,而一些格纹元素的窗帘的加入便成了一种既",./data/img/42aa6aec9fc8bd801367911f0b6be140.jpg,红色窗帘
5aab62aae04282fc1c157ad24a32963e.jpg,伊佳仁 2014现代高档客厅棉麻布料定制窗帘成品遮光帘水溶绣花纱帘 1,伊佳仁 2014现代高档客厅棉麻布料定制窗帘成品遮光帘水溶绣花纱帘 1,./data/img/5aab62aae04282fc1c157ad24a32963e.jpg,红色窗帘
74e847ed8a397b33e9b0f7a4aa17d56c.jpg,阳台红色窗帘装修效果图片,阳台红色窗帘装修效果图片,./data/img/74e847ed8a397b33e9b0f7a4aa17d56c.jpg,红色窗帘
effac86cba0a8c43d088db15622fccae.jpg,酒红色布艺让家进入淳厚暖冬,酒红色布艺让家进入淳厚暖冬,./data/img/effac86cba0a8c43d088db15622fccae.jpg,红色窗帘
10e37738f0c810de1492d1033682d16b.jpg,阿迪丽娜纱帘白纱窗帘透光不透人窗纱白色布料阳台半遮光沙飘窗北欧,阿迪丽娜纱帘白纱窗帘透光不透人窗纱白色布料阳台半遮光沙飘窗北欧,./data/img/10e37738f0c810de1492d1033682d16b.jpg,白色窗帘
1320b8564b0c1d8f45f7d49293ec312d.jpg,纱帘窗纱 简约现代白纱帘白色窗帘纱飘窗白沙隔断 透光不透人成品,纱帘窗纱 简约现代白纱帘白色窗帘纱飘窗白沙隔断 透光不透人成品,./data/img/1320b8564b0c1d8f45f7d49293ec312d.jpg,白色窗帘
c51b2e666f761c6de9ca2134ca96d402.jpg,"窗帘 纱帘 白色,窗帘纱帘高档,窗帘纱帘阳台纱,飘窗窗帘纱帘","窗帘 纱帘 白色,窗帘纱帘高档,窗帘纱帘阳台纱,飘窗窗帘纱帘",./data/img/c51b2e666f761c6de9ca2134ca96d402.jpg,白色窗帘
ed77dedf9d51a29e2f32a60dec5508d4.jpg,唯美复式欧式白色窗帘装修效果图样板大全,唯美复式欧式白色窗帘装修效果图样板大全,./data/img/ed77dedf9d51a29e2f32a60dec5508d4.jpg,白色窗帘
7c51c859a26d99324538cbe36d30220f.jpg,白色纱帘窗帘白沙薄窗纱简约飘窗客厅卧室窗帘布料台布定制定制,白色纱帘窗帘白沙薄窗纱简约飘窗客厅卧室窗帘布料台布定制定制,./data/img/7c51c859a26d99324538cbe36d30220f.jpg,白色窗帘
3141e7bcaa01606ea830d4b18407a6b8.jpg,deconovo *索环塔夫绸塔夫绸亮片窗帘面板 -1 对 白色 52x95 inch ct,deconovo *索环塔夫绸塔夫绸亮片窗帘面板 -1 对 白色 52x95 inch ct,./data/img/3141e7bcaa01606ea830d4b18407a6b8.jpg,白色窗帘
d1cd66e17b2a154eb25324c35d506730.jpg,[鄂哲纺织] 窗帘纱帘白纱阳台白色窗帘加厚落地窗纱客厅卧室成品布料,[鄂哲纺织] 窗帘纱帘白纱阳台白色窗帘加厚落地窗纱客厅卧室成品布料,./data/img/d1cd66e17b2a154eb25324c35d506730.jpg,白色窗帘
20a7b779d6939a9c7abb4ade91beae41.jpg,简约现代素雅纯白色雪纺窗帘纱帘定制 北欧ins风卧室客厅纱帘成品,简约现代素雅纯白色雪纺窗帘纱帘定制 北欧ins风卧室客厅纱帘成品,./data/img/20a7b779d6939a9c7abb4ade91beae41.jpg,白色窗帘
7ad0deaa36e6eff6f4e699d112815d3f.jpg,"一定要有的白色窗帘,整个家都温柔了许多!","一定要有的白色窗帘,整个家都温柔了许多!",./data/img/7ad0deaa36e6eff6f4e699d112815d3f.jpg,白色窗帘
e3607e5a025c93b26234723763a0eb4a.jpg,白纱隔断窗纱窗帘布料特价阳台纱清仓飘窗纱帘客厅成品纯色白色,白纱隔断窗纱窗帘布料特价阳台纱清仓飘窗纱帘客厅成品纯色白色,./data/img/e3607e5a025c93b26234723763a0eb4a.jpg,白色窗帘
4ba0fcda87ebcc62c40961fef30aa865.jpg,"【摩尔登窗帘】用白色窗帘搭配家居,简直就是仙境","【摩尔登窗帘】用白色窗帘搭配家居,简直就是仙境",./data/img/4ba0fcda87ebcc62c40961fef30aa865.jpg,白色窗帘
080fb84deaa110eb307ec1d222ef54e7.jpg,定制窗帘 垂感好 窗帘布艺定做 客厅卧室白窗纱 北欧百搭白色纱帘,定制窗帘 垂感好 窗帘布艺定做 客厅卧室白窗纱 北欧百搭白色纱帘,./data/img/080fb84deaa110eb307ec1d222ef54e7.jpg,白色窗帘
1dd9232b278de2495efb29bb5acf1162.jpg,品牌热销成品窗帘纱棉麻亚麻窗帘搭配白色窗帘纱客厅卧室简约现代,品牌热销成品窗帘纱棉麻亚麻窗帘搭配白色窗帘纱客厅卧室简约现代,./data/img/1dd9232b278de2495efb29bb5acf1162.jpg,白色窗帘
845c405a33ba208bbf5e2dd77b6db52e.jpg,白色窗帘图片,白色窗帘图片,./data/img/845c405a33ba208bbf5e2dd77b6db52e.jpg,白色窗帘
32503c555623e13bc0eed2db715f0e2f.jpg,窗纱纯白色窗帘纱 阳台客厅卧室窗帘成品定制飘窗纱帘,窗纱纯白色窗帘纱 阳台客厅卧室窗帘成品定制飘窗纱帘,./data/img/32503c555623e13bc0eed2db715f0e2f.jpg,白色窗帘
bfe9b252b8ceefa4d8448db891311f00.jpg,素色白纱 白色窗帘棉麻窗纱 简约现代卧室客厅北欧落地飘窗遮光帘,素色白纱 白色窗帘棉麻窗纱 简约现代卧室客厅北欧落地飘窗遮光帘,./data/img/bfe9b252b8ceefa4d8448db891311f00.jpg,白色窗帘
7e030bca21d956e47b95985ec82430e7.jpg,韩式简约白纱窗纱窗帘布料柔纱阳台纱帘客厅成品纯色白色定制纱帘,韩式简约白纱窗纱窗帘布料柔纱阳台纱帘客厅成品纯色白色定制纱帘,./data/img/7e030bca21d956e47b95985ec82430e7.jpg,白色窗帘
e0d3d196530e0fa89c425bf0452359d0.jpg,热卖定制加厚十字棉麻纱帘成品纯白色窗帘布卧室客厅落地窗白纱窗纱,热卖定制加厚十字棉麻纱帘成品纯白色窗帘布卧室客厅落地窗白纱窗纱,./data/img/e0d3d196530e0fa89c425bf0452359d0.jpg,白色窗帘
2ca04225d5697514ff76a620dea45ebc.jpg,窗帘白色遮光纱帘窗纱森林阳台透光不透人双层卧室客厅2021新款,窗帘白色遮光纱帘窗纱森林阳台透光不透人双层卧室客厅2021新款,./data/img/2ca04225d5697514ff76a620dea45ebc.jpg,白色窗帘
57aa7f2cc76f749ce7beebbd2f9ea5cf.jpg,特价加厚纯白色窗纱帘 简约现代阳台飘窗短窗帘客厅纱帘成品定制,特价加厚纯白色窗纱帘 简约现代阳台飘窗短窗帘客厅纱帘成品定制,./data/img/57aa7f2cc76f749ce7beebbd2f9ea5cf.jpg,白色窗帘
bfc397bed936be7cd75311887c4cc1ce.jpg,白色沙窗帘纱帘成品特价清仓阳台遮光卧室飘窗装饰网红窗隔断纱料,白色沙窗帘纱帘成品特价清仓阳台遮光卧室飘窗装饰网红窗隔断纱料,./data/img/bfc397bed936be7cd75311887c4cc1ce.jpg,白色窗帘
7944ce24a97f20341b4b48cded184e6e.jpg,白色窗纱简洁大方客厅书房飘窗唯美效果要几米拍几米白色窗帘01米尾数,白色窗纱简洁大方客厅书房飘窗唯美效果要几米拍几米白色窗帘01米尾数,./data/img/7944ce24a97f20341b4b48cded184e6e.jpg,白色窗帘
d2cf8738e6a5190aff194ecee2ab8358.jpg,十字麻纱阳台纱纯白色纱帘白纱窗帘成品窗纱定制窗帘飘窗特价清仓,十字麻纱阳台纱纯白色纱帘白纱窗帘成品窗纱定制窗帘飘窗特价清仓,./data/img/d2cf8738e6a5190aff194ecee2ab8358.jpg,白色窗帘
b4668202ad9140d11f88554c50e75b21.jpg,纱帘透光不透人纱挂钩式客厅卧室半遮光阳台飘窗白色窗纱白纱窗帘,纱帘透光不透人纱挂钩式客厅卧室半遮光阳台飘窗白色窗纱白纱窗帘,./data/img/b4668202ad9140d11f88554c50e75b21.jpg,白色窗帘
aa4ba190818ac8cd16a02e14c8fb18a6.jpg,白色窗帘韩式,白色窗帘韩式,./data/img/aa4ba190818ac8cd16a02e14c8fb18a6.jpg,白色窗帘
5ab543a4a7c170a4188a33d19417cbdc.jpg,现代轻奢简约北欧米白色雪尼尔窗帘2021新款高档客厅卧室遮光定制,现代轻奢简约北欧米白色雪尼尔窗帘2021新款高档客厅卧室遮光定制,./data/img/5ab543a4a7c170a4188a33d19417cbdc.jpg,白色窗帘
f386cebb4b18de7c8bf3f3968b37425d.jpg,京城派窗帘纱帘白纱绣花窗帘窗纱白色布料阳台半遮光帘子沙飘窗北欧,京城派窗帘纱帘白纱绣花窗帘窗纱白色布料阳台半遮光帘子沙飘窗北欧,./data/img/f386cebb4b18de7c8bf3f3968b37425d.jpg,白色窗帘
448855fb11f1d44731afaceb079b5120.jpg,白色唯美窗帘图片,白色唯美窗帘图片,./data/img/448855fb11f1d44731afaceb079b5120.jpg,白色窗帘
9bcd42e851fd35346fb652d80344d478.jpg,热销白色窗帘布 遮光,热销白色窗帘布 遮光,./data/img/9bcd42e851fd35346fb652d80344d478.jpg,白色窗帘
585649804296cd825fc2116aecefc700.jpg,16款白色窗帘图片 装点最纯净空间,16款白色窗帘图片 装点最纯净空间,./data/img/585649804296cd825fc2116aecefc700.jpg,白色窗帘
2eb94758a7f587a71211c61becb36177.jpg,白色沙窗帘纱成品图片,白色沙窗帘纱成品图片,./data/img/2eb94758a7f587a71211c61becb36177.jpg,白色窗帘
53462215fa1d42fa5303800661f51149.jpg,白色窗帘,白色窗帘,./data/img/53462215fa1d42fa5303800661f51149.jpg,白色窗帘
6beb5331ae6e69f519845e97317d1280.jpg,光面白色现代简约客厅窗帘书房落地窗装饰帘半遮光仿绸缎纯色窗帘,光面白色现代简约客厅窗帘书房落地窗装饰帘半遮光仿绸缎纯色窗帘,./data/img/6beb5331ae6e69f519845e97317d1280.jpg,白色窗帘
62bb8f021e42e7ccc0b6e73c1f58ecea.jpg,窗纱纱帘特价清仓阳台纱成品白沙简约遮光白纱飘窗窗帘布白色纱帘,窗纱纱帘特价清仓阳台纱成品白沙简约遮光白纱飘窗窗帘布白色纱帘,./data/img/62bb8f021e42e7ccc0b6e73c1f58ecea.jpg,白色窗帘
c12a009b1dcdeff3230c823b98be3e77.jpg,客厅飘窗窗帘阳台纱帘窗纱帘成品定制白色窗帘纱窗纱帘纱布包邮,客厅飘窗窗帘阳台纱帘窗纱帘成品定制白色窗帘纱窗纱帘纱布包邮,./data/img/c12a009b1dcdeff3230c823b98be3e77.jpg,白色窗帘
60c34b79652eca1e2688ec591bc282db.jpg,现代暖白色窗帘,现代暖白色窗帘,./data/img/60c34b79652eca1e2688ec591bc282db.jpg,白色窗帘
ab1858499364c3f28185dc08a8814400.jpg,家庭客厅小飘窗白色窗帘装修效果图片,家庭客厅小飘窗白色窗帘装修效果图片,./data/img/ab1858499364c3f28185dc08a8814400.jpg,白色窗帘
dfd4d80a40ba13cbcb3b395aa5335ed5.jpg,韩式透明白色简约纯色窗帘窗纱成品定制纱帘帘子卧室客厅酒店工程,韩式透明白色简约纯色窗帘窗纱成品定制纱帘帘子卧室客厅酒店工程,./data/img/dfd4d80a40ba13cbcb3b395aa5335ed5.jpg,白色窗帘
52268e266f76532ae0a92007cf685f5a.jpg,白色窗纱_白色窗帘窗纱布现代简约客厅卧室网红ins透光不透人阳台飘窗,白色窗纱_白色窗帘窗纱布现代简约客厅卧室网红ins透光不透人阳台飘窗,./data/img/52268e266f76532ae0a92007cf685f5a.jpg,白色窗帘
7580ef3739bbcf6e9902043e539244d2.jpg,卧室飘窗田园纱帘成品定制 客厅阳台白色窗帘窗纱布料 世纪铭典,卧室飘窗田园纱帘成品定制 客厅阳台白色窗帘窗纱布料 世纪铭典,./data/img/7580ef3739bbcf6e9902043e539244d2.jpg,白色窗帘
13537254e2dd3208650cbf6a7791c8b6.jpg,喜欢棉麻加厚窗帘白色的还喜欢,喜欢棉麻加厚窗帘白色的还喜欢,./data/img/13537254e2dd3208650cbf6a7791c8b6.jpg,白色窗帘
1a122f502323d62c8f9ef539a079a034.jpg,韩式窗帘国内高级定制多层缎布白纱梦幻公主窗帘白色,韩式窗帘国内高级定制多层缎布白纱梦幻公主窗帘白色,./data/img/1a122f502323d62c8f9ef539a079a034.jpg,白色窗帘
9be2cb2af9a7ea8904a44f8e3a4c3823.jpg,"zenith 奢华面料淋浴垫/窗帘,华夫格图案 白色 h21ww04","zenith 奢华面料淋浴垫/窗帘,华夫格图案 白色 h21ww04",./data/img/9be2cb2af9a7ea8904a44f8e3a4c3823.jpg,白色窗帘
5f3c2d5f4445359b7ce5e9c2d206ef42.jpg,薄纱白色透光白纱纱帘窗帘白沙透明透纱宿舍帘窗纱超薄轻薄帘布料,薄纱白色透光白纱纱帘窗帘白沙透明透纱宿舍帘窗纱超薄轻薄帘布料,./data/img/5f3c2d5f4445359b7ce5e9c2d206ef42.jpg,白色窗帘
3eddb4761b76ab87173ee4421451c2cd.jpg,白色窗帘纱布,白色窗帘纱布,./data/img/3eddb4761b76ab87173ee4421451c2cd.jpg,白色窗帘
b758f021250dabbbb356d5b7317ee512.jpg,大牌夏季纯白遮光隔热遮物简约韩式白色窗帘背景布挂钩穿杆帘定制,大牌夏季纯白遮光隔热遮物简约韩式白色窗帘背景布挂钩穿杆帘定制,./data/img/b758f021250dabbbb356d5b7317ee512.jpg,白色窗帘
e7bd9369e840af5f39e84946e0ea792d.jpg,七款白色布艺窗帘推荐 给你宁静下午茶时光,七款白色布艺窗帘推荐 给你宁静下午茶时光,./data/img/e7bd9369e840af5f39e84946e0ea792d.jpg,白色窗帘
66ec8ae3ead95109ffe1c547f5fead70.jpg,米白色纯色单色全遮光布卧室窗帘厚实垂感好简约现代北京安装测量,米白色纯色单色全遮光布卧室窗帘厚实垂感好简约现代北京安装测量,./data/img/66ec8ae3ead95109ffe1c547f5fead70.jpg,白色窗帘
598d83d0117a317b019a0de2217b6bb8.jpg,白色装修风格效果图,白色装修风格效果图,./data/img/598d83d0117a317b019a0de2217b6bb8.jpg,白色窗帘
da00cba6eba38916f1f607f5aaadac82.jpg,窗纱简约现代成品隔断客厅雪纺白沙阳台窗帘白色纱帘透光不透人纱,窗纱简约现代成品隔断客厅雪纺白沙阳台窗帘白色纱帘透光不透人纱,./data/img/da00cba6eba38916f1f607f5aaadac82.jpg,白色窗帘
c885773716bc85c33ac80c310ae0697f.jpg,白色窗帘壁纸,白色窗帘壁纸,./data/img/c885773716bc85c33ac80c310ae0697f.jpg,白色窗帘
b8782804daab3587e96870337d447fa8.jpg,购客laceshabby进口定制法式style白色百褶棉质布艺窗帘飘窗遮光阳台,购客laceshabby进口定制法式style白色百褶棉质布艺窗帘飘窗遮光阳台,./data/img/b8782804daab3587e96870337d447fa8.jpg,白色窗帘
61db51974293fea5f7234c9c1a0eb8d2.jpg,[万象布艺] 定制半遮光客厅阳台卧室窗纱飘窗白纱加厚纱帘白色窗帘,[万象布艺] 定制半遮光客厅阳台卧室窗纱飘窗白纱加厚纱帘白色窗帘,./data/img/61db51974293fea5f7234c9c1a0eb8d2.jpg,白色窗帘
b2a4e6278defbca5bc8569ddde1b6f58.jpg,[米越布艺] 窗帘纱帘布白纱薄窗纱布料成品特价清仓落地纯白色飘窗,[米越布艺] 窗帘纱帘布白纱薄窗纱布料成品特价清仓落地纯白色飘窗,./data/img/b2a4e6278defbca5bc8569ddde1b6f58.jpg,白色窗帘
f4671c4a8bbdf6eb3c7ec2bd2e7e898d.jpg,窗帘效果图图片,窗帘效果图图片,./data/img/f4671c4a8bbdf6eb3c7ec2bd2e7e898d.jpg,白色窗帘
4d0345f934a297fb027d14be188dc1bd.jpg,透光不透人北欧阳台白色白纱窗帘,透光不透人北欧阳台白色白纱窗帘,./data/img/4d0345f934a297fb027d14be188dc1bd.jpg,白色窗帘
7ca8c486b518948a18206bcaca25f124.jpg,白色窗纱窗帘,白色窗纱窗帘,./data/img/7ca8c486b518948a18206bcaca25f124.jpg,白色窗帘
e86c40abffee403689440d70c6d662b8.jpg,现代客厅飘窗窗帘阳台纱帘窗纱帘成品定制白色窗帘条纹纱麻纱,现代客厅飘窗窗帘阳台纱帘窗纱帘成品定制白色窗帘条纹纱麻纱,./data/img/e86c40abffee403689440d70c6d662b8.jpg,白色窗帘
43de77f66fb2f343f68f8ebb03c41552.jpg,卧室提花白色窗帘成品客厅纱半遮光窗纱割绒,卧室提花白色窗帘成品客厅纱半遮光窗纱割绒,./data/img/43de77f66fb2f343f68f8ebb03c41552.jpg,白色窗帘
599f8aba69581e0016ac223ae2372b61.jpg,欧式套间120平方客厅白色窗帘装修效果图,欧式套间120平方客厅白色窗帘装修效果图,./data/img/599f8aba69581e0016ac223ae2372b61.jpg,白色窗帘
82c937ff3805aa6a618ec9a06756951a.jpg,成品沙窗帘纱,成品沙窗帘纱,./data/img/82c937ff3805aa6a618ec9a06756951a.jpg,白色窗帘
12b9f9ba41caaee2992cceff7735ba51.jpg,白色窗帘怎么洗白,白色窗帘怎么洗白,./data/img/12b9f9ba41caaee2992cceff7735ba51.jpg,白色窗帘
8f2de24f6cd492e622f2f838839c3760.jpg,安居先森慢回弹u型旅行记忆枕棕色3232cmd4049个问答,安居先森慢回弹u型旅行记忆枕棕色3232cmd4049个问答,./data/img/8f2de24f6cd492e622f2f838839c3760.jpg,白色窗帘
146664a7ff01aa6117f9d02887d41527.jpg,在现代家庭中的白色窗帘窗口,在现代家庭中的白色窗帘窗口,./data/img/146664a7ff01aa6117f9d02887d41527.jpg,白色窗帘
6c60009ec73ecc2fe66436c04e8ff102.jpg,热销窗纱 纱帘 阳台_现代简约棉麻白色窗帘北欧宜家清仓特价客厅阳台,热销窗纱 纱帘 阳台_现代简约棉麻白色窗帘北欧宜家清仓特价客厅阳台,./data/img/6c60009ec73ecc2fe66436c04e8ff102.jpg,白色窗帘
527f479edb22adbf792ba4e6b5b7f870.jpg,特价加厚纯白色窗纱帘 简约现代阳台飘窗短窗帘客厅纱帘成品定制,特价加厚纯白色窗纱帘 简约现代阳台飘窗短窗帘客厅纱帘成品定制,./data/img/527f479edb22adbf792ba4e6b5b7f870.jpg,白色窗帘
fa471fc6f25034082e9bcb000dd7f73a.jpg,"「雅腾装修」丢掉你家老土的窗帘,现在流行这样的!","「雅腾装修」丢掉你家老土的窗帘,现在流行这样的!",./data/img/fa471fc6f25034082e9bcb000dd7f73a.jpg,白色窗帘
9f979623b5a29af492eaae3cd817b3c7.jpg,厂家直销加厚窗帘窗纱布料 透光不透人工程纱 简约客厅白色纱帘品,厂家直销加厚窗帘窗纱布料 透光不透人工程纱 简约客厅白色纱帘品,./data/img/9f979623b5a29af492eaae3cd817b3c7.jpg,白色窗帘
5d1931c779d9a89efc2e9b47f7d12ef3.jpg,依帘简约现代田园纯白色窗帘条纹窗纱布料客厅落地窗卧室纱帘成品,依帘简约现代田园纯白色窗帘条纹窗纱布料客厅落地窗卧室纱帘成品,./data/img/5d1931c779d9a89efc2e9b47f7d12ef3.jpg,白色窗帘
2cf51a3e5911ed20371cb564753db597.jpg,窗帘纯白装饰工作室舞蹈色纱纯白色成品网红布网红定制窗帘,窗帘纯白装饰工作室舞蹈色纱纯白色成品网红布网红定制窗帘,./data/img/2cf51a3e5911ed20371cb564753db597.jpg,白色窗帘
b6d15e080ebbc0037fa5165a382bae23.jpg,纯色柔纱帘亚麻白色窗帘窗纱纱帘布料麻纱十字麻厂家直销面料白纱,纯色柔纱帘亚麻白色窗帘窗纱纱帘布料麻纱十字麻厂家直销面料白纱,./data/img/b6d15e080ebbc0037fa5165a382bae23.jpg,白色窗帘
fb93da0d5121b13a653e0daab4b19734.jpg,北欧日式棉麻窗帘ins风白色窗帘布半遮光透光不透人窗帘卧室客厅,北欧日式棉麻窗帘ins风白色窗帘布半遮光透光不透人窗帘卧室客厅,./data/img/fb93da0d5121b13a653e0daab4b19734.jpg,白色窗帘
3a47b29b4a645eae76944329e7679549.jpg,定制ins北欧客厅透光不透人纱帘阳台卧室纯白纱白色窗帘纱布飘窗 白色,定制ins北欧客厅透光不透人纱帘阳台卧室纯白纱白色窗帘纱布飘窗 白色,./data/img/3a47b29b4a645eae76944329e7679549.jpg,白色窗帘
7e123247d38b7096593eb2c8167aaf4b.jpg,白色羽毛绣花窗纱窗帘房间卧室阳台半遮光成品纱帘窗纱客厅北欧,白色羽毛绣花窗纱窗帘房间卧室阳台半遮光成品纱帘窗纱客厅北欧,./data/img/7e123247d38b7096593eb2c8167aaf4b.jpg,白色窗帘
2077b588d79ae64e75df40d5c9a2426d.jpg,白色唯美窗帘图片,白色唯美窗帘图片,./data/img/2077b588d79ae64e75df40d5c9a2426d.jpg,白色窗帘
8c71e1a2d23f26d9a649ae5f620c213d.jpg,asaroom韩国进口白色纱帘透光成品客厅卧室窗帘k,asaroom韩国进口白色纱帘透光成品客厅卧室窗帘k,./data/img/8c71e1a2d23f26d9a649ae5f620c213d.jpg,白色窗帘
293868e952abf2ff5c4eb4eaad97a84f.jpg,窗纱纱纱帘十字棉麻纯白色麻料窗纱窗帘布艺中国轻纺城柯桥绍兴,窗纱纱纱帘十字棉麻纯白色麻料窗纱窗帘布艺中国轻纺城柯桥绍兴,./data/img/293868e952abf2ff5c4eb4eaad97a84f.jpg,白色窗帘
30f2cae71022bf2f2aa590d82c53027b.jpg,麻布窗帘,麻布窗帘,./data/img/30f2cae71022bf2f2aa590d82c53027b.jpg,白色窗帘
fd16ce2fa48ba9a8172ed91638d2b7e7.jpg,现代简约客厅阳台卧室飘窗纱帘白纱成品白色落地窗帘定制纯色清新,现代简约客厅阳台卧室飘窗纱帘白纱成品白色落地窗帘定制纯色清新,./data/img/fd16ce2fa48ba9a8172ed91638d2b7e7.jpg,白色窗帘
414c30bb4c2801e92d89e95b967558e1.jpg,窗帘纱帘布白纱薄窗纱布料成品特价清仓白色沙飘窗阳台纱卧室遮光,窗帘纱帘布白纱薄窗纱布料成品特价清仓白色沙飘窗阳台纱卧室遮光,./data/img/414c30bb4c2801e92d89e95b967558e1.jpg,白色窗帘
188453c4d5a4a6a4003915b48187f444.jpg,海度罗现代简约窗帘纱白纱透光不透人阳台客厅飘窗餐厅成品纯色窗纱,海度罗现代简约窗帘纱白纱透光不透人阳台客厅飘窗餐厅成品纯色窗纱,./data/img/188453c4d5a4a6a4003915b48187f444.jpg,白色窗帘
19b8adfb0d8331d71de4babac02a0570.jpg,[鄂哲纺织] 白纱落地窗简约现代 定制客厅成品纱帘 白色几何窗帘纱,[鄂哲纺织] 白纱落地窗简约现代 定制客厅成品纱帘 白色几何窗帘纱,./data/img/19b8adfb0d8331d71de4babac02a0570.jpg,白色窗帘
0a94dd1aa88c1ce9a112ad039d926894.jpg,窗帘纱帘纱帘阳台纱遮光白纱飘窗白色薄纱布料特价清仓成品防晒纱,窗帘纱帘纱帘阳台纱遮光白纱飘窗白色薄纱布料特价清仓成品防晒纱,./data/img/0a94dd1aa88c1ce9a112ad039d926894.jpg,白色窗帘
9fcf1578ce0c14faf06e1138c123c42a.jpg,[sunhorse 圣马布艺] 隔断装饰白纱窗帘纱立体绣花 阳台纱北欧遮光,[sunhorse 圣马布艺] 隔断装饰白纱窗帘纱立体绣花 阳台纱北欧遮光,./data/img/9fcf1578ce0c14faf06e1138c123c42a.jpg,白色窗帘
b11c2d577800b38caf4dcd8bad860395.jpg,韩式成品网红田园白色蕾丝窗帘 纱 卧室 公主风客厅阳台隔断布料,韩式成品网红田园白色蕾丝窗帘 纱 卧室 公主风客厅阳台隔断布料,./data/img/b11c2d577800b38caf4dcd8bad860395.jpg,白色窗帘
c5d9776eb21b108ff94aceaaccdacffd.jpg,夏日必备的20款窗帘效果图 一缕薄纱为家居降温,夏日必备的20款窗帘效果图 一缕薄纱为家居降温,./data/img/c5d9776eb21b108ff94aceaaccdacffd.jpg,白色窗帘
fb2654a5dbf7ae776715596e8e2a270e.jpg,薄纱白纱窗帘窗纱帘阳台遮光沙白沙白色透明北欧布料透光装饰网红,薄纱白纱窗帘窗纱帘阳台遮光沙白沙白色透明北欧布料透光装饰网红,./data/img/fb2654a5dbf7ae776715596e8e2a270e.jpg,白色窗帘
1f971e93923a4c0c2fd066847b01121b.jpg,laceshabby新款复古法式风格白色百褶棉质布艺窗帘飘窗遮光阳台,laceshabby新款复古法式风格白色百褶棉质布艺窗帘飘窗遮光阳台,./data/img/1f971e93923a4c0c2fd066847b01121b.jpg,白色窗帘
ab2b3ae7b39cedf54299fd2d4f34e5ee.jpg,购客窗纱帘 白色细纹麻纱客厅卧室落地窗飘窗布艺纱窗帘透光定制_易购,购客窗纱帘 白色细纹麻纱客厅卧室落地窗飘窗布艺纱窗帘透光定制_易购,./data/img/ab2b3ae7b39cedf54299fd2d4f34e5ee.jpg,白色窗帘
773b1d2f3afc882a70fc623a3eb6b3d0.jpg,现代美式风格客厅白色窗帘装修效果图片,现代美式风格客厅白色窗帘装修效果图片,./data/img/773b1d2f3afc882a70fc623a3eb6b3d0.jpg,白色窗帘
3a5efacd07cb10c7f31cf5b5728f7c7d.jpg,北欧风灰色白色窗帘窗纱成品定制 客厅落地窗窗纱帘隔断阳台纱帘 灰色,北欧风灰色白色窗帘窗纱成品定制 客厅落地窗窗纱帘隔断阳台纱帘 灰色,./data/img/3a5efacd07cb10c7f31cf5b5728f7c7d.jpg,白色窗帘
962a13f0e0fa03c0376f2613397a5061.jpg,纯白色窗帘透光不透人 夏天ins风小清新窗纱阳台落地窗半遮光定制,纯白色窗帘透光不透人 夏天ins风小清新窗纱阳台落地窗半遮光定制,./data/img/962a13f0e0fa03c0376f2613397a5061.jpg,白色窗帘
55fa3261ea11d480ebe0bea81433d469.jpg,试衣间窗帘,试衣间窗帘,./data/img/55fa3261ea11d480ebe0bea81433d469.jpg,白色窗帘
4efd9f0b8a2e8a1f4349d53b7dc49a44.jpg,欧式刺绣白纱窗纱卧室窗帘高档绣花窗纱白色纱帘阳台纱特价包邮,欧式刺绣白纱窗纱卧室窗帘高档绣花窗纱白色纱帘阳台纱特价包邮,./data/img/4efd9f0b8a2e8a1f4349d53b7dc49a44.jpg,白色窗帘
61be0e76e491626d493472d3d5083c62.jpg,条纹窗帘窗纱,条纹窗帘窗纱,./data/img/61be0e76e491626d493472d3d5083c62.jpg,白色窗帘
350de5a85cbff1ddb3ddd5b391cdc65e.jpg,"飘窗窗帘搭配技巧,营造独特室内风景","飘窗窗帘搭配技巧,营造独特室内风景",./data/img/350de5a85cbff1ddb3ddd5b391cdc65e.jpg,白色窗帘
d983e9d5a54ab15105128b29382098a9.jpg,"阳台也以白色为主,白色窗帘及北欧落地灯装饰着北欧摇椅,呈现着纯净","阳台也以白色为主,白色窗帘及北欧落地灯装饰着北欧摇椅,呈现着纯净",./data/img/d983e9d5a54ab15105128b29382098a9.jpg,白色窗帘
cf8eee77c2e658dce2e4a57bd7b3896a.jpg,淘宝拍照白色背景窗帘布,淘宝拍照白色背景窗帘布,./data/img/cf8eee77c2e658dce2e4a57bd7b3896a.jpg,白色窗帘
25fcbbafc33fdc79c3a0e47b3abf003b.jpg,厂家直销网格十字毛巾绣白色薄纱简约百搭阳台卧室客厅窗帘配纱,厂家直销网格十字毛巾绣白色薄纱简约百搭阳台卧室客厅窗帘配纱,./data/img/25fcbbafc33fdc79c3a0e47b3abf003b.jpg,白色窗帘
8c91e3fda36a77b521a8b7fae77b4272.jpg,窗帘纱帘窗纱中式欧式图片,窗帘纱帘窗纱中式欧式图片,./data/img/8c91e3fda36a77b521a8b7fae77b4272.jpg,白色窗帘
4bddd3537cf99991b597c2c58bc6c9d3.jpg,窗纱纱帘阳台纱成品白沙简约现代半遮光白纱飘窗窗帘布料白色纱帘,窗纱纱帘阳台纱成品白沙简约现代半遮光白纱飘窗窗帘布料白色纱帘,./data/img/4bddd3537cf99991b597c2c58bc6c9d3.jpg,白色窗帘
160f462b63cfc06aaee48abd881f8b03.jpg,白色纱布料,白色纱布料,./data/img/160f462b63cfc06aaee48abd881f8b03.jpg,白色窗帘
3761e24ae1e3bfcab77951c4afe70814.jpg,白色窗帘纱,白色窗帘纱,./data/img/3761e24ae1e3bfcab77951c4afe70814.jpg,白色窗帘
d9b4e02b7bfcb221e5dad6dd71cc953d.jpg,白色的窗帘覆盖窗口,白色的窗帘覆盖窗口,./data/img/d9b4e02b7bfcb221e5dad6dd71cc953d.jpg,白色窗帘
f3e752fe483c1555b4d862bbc3844f24.jpg,白色窗帘效果图大全,白色窗帘效果图大全,./data/img/f3e752fe483c1555b4d862bbc3844f24.jpg,白色窗帘
1124ba55a4c4f7faa71abcc24bfb1abe.jpg,美式窗纱成品窗帘阳台卧室飘窗窗纱十字麻纱白色纱帘定制 水伶纺,美式窗纱成品窗帘阳台卧室飘窗窗纱十字麻纱白色纱帘定制 水伶纺,./data/img/1124ba55a4c4f7faa71abcc24bfb1abe.jpg,白色窗帘
8f6ca1e6370017c6559c00ec52691522.jpg,定制窗帘 白色荷叶边纯色纱帘高档韩式白窗纱窗帘成品定制阳台客厅,定制窗帘 白色荷叶边纯色纱帘高档韩式白窗纱窗帘成品定制阳台客厅,./data/img/8f6ca1e6370017c6559c00ec52691522.jpg,白色窗帘
1440ebffe708038ba3fc837f3ff6ef55.jpg,木子阁 白色窗纱 客厅卧室成品定制窗帘纱帘 公主风纯色透明纱帘,木子阁 白色窗纱 客厅卧室成品定制窗帘纱帘 公主风纯色透明纱帘,./data/img/1440ebffe708038ba3fc837f3ff6ef55.jpg,白色窗帘
a041002f85d4e64ccec4c33a983d22bb.jpg,定制遮阳半遮光窗帘成品特价清仓白色纯色窗纱简约现代柔纱帘送钩,定制遮阳半遮光窗帘成品特价清仓白色纯色窗纱简约现代柔纱帘送钩,./data/img/a041002f85d4e64ccec4c33a983d22bb.jpg,白色窗帘
e286e0a6fdcd45fddade964238d4b3cf.jpg,纯白色窗纱帘卧室客厅阳台现代简约定制成品飘窗北欧日式纱帘窗帘,纯白色窗纱帘卧室客厅阳台现代简约定制成品飘窗北欧日式纱帘窗帘,./data/img/e286e0a6fdcd45fddade964238d4b3cf.jpg,白色窗帘
710552de67f854871e5f1fde1699f334.jpg,asaroom韩国窗帘进口白色超细纤维成品客厅卧室窗帘kw,asaroom韩国窗帘进口白色超细纤维成品客厅卧室窗帘kw,./data/img/710552de67f854871e5f1fde1699f334.jpg,白色窗帘
292cd84c127573b5e479055770c9549c.jpg,70平米两室一厅白色窗帘装修效果图,70平米两室一厅白色窗帘装修效果图,./data/img/292cd84c127573b5e479055770c9549c.jpg,白色窗帘
22641ec64184a2dcfd5211896a5d41ab.jpg,喜欢棉麻白色窗帘布的还喜欢,喜欢棉麻白色窗帘布的还喜欢,./data/img/22641ec64184a2dcfd5211896a5d41ab.jpg,白色窗帘
17909651e895c28af1fd5d2e7f7c4a25.jpg,热卖定制客厅白色窗帘透光不透人纱帘阳台卧室隔断白纱窗帘纱布飘窗,热卖定制客厅白色窗帘透光不透人纱帘阳台卧室隔断白纱窗帘纱布飘窗,./data/img/17909651e895c28af1fd5d2e7f7c4a25.jpg,白色窗帘
bddbb7f22a7ade9b36bc60389ed26bc3.jpg,宇弘定制棉麻窗帘纱帘窗纱成品特价白色纱飘窗卧室客厅白纱落地窗,宇弘定制棉麻窗帘纱帘窗纱成品特价白色纱飘窗卧室客厅白纱落地窗,./data/img/bddbb7f22a7ade9b36bc60389ed26bc3.jpg,白色窗帘
56d89a8355c837c9b5af785ba3b8b7e6.jpg,客厅白色窗帘效果图白色窗帘轻松为你打造清新雅居,客厅白色窗帘效果图白色窗帘轻松为你打造清新雅居,./data/img/56d89a8355c837c9b5af785ba3b8b7e6.jpg,白色窗帘
e23e1ce696407843cf840f247603cb56.jpg,公主风遮光窗帘网红ins白色卧室少女法式2021新款飘窗蕾丝日式全,公主风遮光窗帘网红ins白色卧室少女法式2021新款飘窗蕾丝日式全,./data/img/e23e1ce696407843cf840f247603cb56.jpg,白色窗帘
8ab47e00381fddeee82a9a01d29d2e54.jpg,窗帘白纱垂感透光不透人天丝绒纱帘阳台纱飘窗窗纱半遮光白色布料,窗帘白纱垂感透光不透人天丝绒纱帘阳台纱飘窗窗纱半遮光白色布料,./data/img/8ab47e00381fddeee82a9a01d29d2e54.jpg,白色窗帘
abca69da35573cd689a5cb6530bf5aca.jpg,掬涵素白手工定制窗帘 纯棉褶皱纱 半透光装饰帘日式素静白色,掬涵素白手工定制窗帘 纯棉褶皱纱 半透光装饰帘日式素静白色,./data/img/abca69da35573cd689a5cb6530bf5aca.jpg,白色窗帘
541160cafa9652f9a05fb026f1905c4a.jpg,白色纱帘现代美式阳台挂钩白纱穿帘隔断窗帘布料成品定制防蚊门帘,白色纱帘现代美式阳台挂钩白纱穿帘隔断窗帘布料成品定制防蚊门帘,./data/img/541160cafa9652f9a05fb026f1905c4a.jpg,白色窗帘
82b311b09e369fac460ba907bebeda53.jpg,sleepybear北欧ins风网络民族风曼陀罗印花抱枕套汽车抱,sleepybear北欧ins风网络民族风曼陀罗印花抱枕套汽车抱,./data/img/82b311b09e369fac460ba907bebeda53.jpg,白色窗帘
2d95ba3d6fa1bd0369c29da2799128c4.jpg,ins窗帘北欧卧室窗帘定制透光不透人加厚白纱白色窗帘拍摄背景布,ins窗帘北欧卧室窗帘定制透光不透人加厚白纱白色窗帘拍摄背景布,./data/img/2d95ba3d6fa1bd0369c29da2799128c4.jpg,白色窗帘
766b7556192340d92bfe69a5dfbfb8a4.jpg,六款白色布艺窗帘 给你宁静下午茶时光,六款白色布艺窗帘 给你宁静下午茶时光,./data/img/766b7556192340d92bfe69a5dfbfb8a4.jpg,白色窗帘
89bae6becc4196ae57f174163ae7f907.jpg,百元以内客厅白色窗帘搭配家具效果图,百元以内客厅白色窗帘搭配家具效果图,./data/img/89bae6becc4196ae57f174163ae7f907.jpg,白色窗帘
adc8737485bb9235dd2086af17ba6df5.jpg,一折白色窗帘纱,一折白色窗帘纱,./data/img/adc8737485bb9235dd2086af17ba6df5.jpg,白色窗帘
28ebff0d084fcd62054ab7e44a509d78.jpg,树形吊灯,树形吊灯,./data/img/28ebff0d084fcd62054ab7e44a509d78.jpg,枝形吊灯
d85329ad1aae54f557fc6a796262d3cc.jpg,重庆枝形吊灯报关流程,重庆枝形吊灯报关流程,./data/img/d85329ad1aae54f557fc6a796262d3cc.jpg,枝形吊灯
1a4d51d57fe8216043410f0c626119dc.jpg,北欧复古工业风铁艺蜘蛛枝形吊灯客厅卧室服装店餐厅网咖啡厅吊灯,北欧复古工业风铁艺蜘蛛枝形吊灯客厅卧室服装店餐厅网咖啡厅吊灯,./data/img/1a4d51d57fe8216043410f0c626119dc.jpg,枝形吊灯
87b44ea7d4080b348fa821ea9154a8ea.jpg,北欧复古工业风铁艺蜘蛛枝形吊灯客厅卧室服装店餐厅网咖啡厅吊灯,北欧复古工业风铁艺蜘蛛枝形吊灯客厅卧室服装店餐厅网咖啡厅吊灯,./data/img/87b44ea7d4080b348fa821ea9154a8ea.jpg,枝形吊灯
40fef87a6384359d4e853859dfe7bf6d.jpg,美红北欧魔豆吊灯 创意客厅餐厅个性led吊灯铁艺玻璃圆球枝形吊灯,美红北欧魔豆吊灯 创意客厅餐厅个性led吊灯铁艺玻璃圆球枝形吊灯,./data/img/40fef87a6384359d4e853859dfe7bf6d.jpg,枝形吊灯
3c76d4ed6260306fe02a3a18560933e3.jpg,北欧后现代枝形吊灯可变型树杈吸顶灯吹制玻璃异形灯饰样板间吊灯,北欧后现代枝形吊灯可变型树杈吸顶灯吹制玻璃异形灯饰样板间吊灯,./data/img/3c76d4ed6260306fe02a3a18560933e3.jpg,枝形吊灯
75f3558d3b71aae87755f5f214b414f9.jpg,北欧创意鸟巢吊灯简约餐厅客厅卧室鸟窝吊灯个性风格手工编织灯具,北欧创意鸟巢吊灯简约餐厅客厅卧室鸟窝吊灯个性风格手工编织灯具,./data/img/75f3558d3b71aae87755f5f214b414f9.jpg,枝形吊灯
2b7998b39cb6923190b1a1c7693f9d05.jpg,餐厅吊灯三头北欧吧台过道餐桌灯具创意卧室现代简约水晶轻奢灯饰,餐厅吊灯三头北欧吧台过道餐桌灯具创意卧室现代简约水晶轻奢灯饰,./data/img/2b7998b39cb6923190b1a1c7693f9d05.jpg,枝形吊灯
3aa9bb9dc58ba02bb41c9f7ecb60e1ba.jpg,复古吊灯客厅餐厅办公室服装店led蜘蛛多头枝型创意天女散花吊灯6头2,复古吊灯客厅餐厅办公室服装店led蜘蛛多头枝型创意天女散花吊灯6头2,./data/img/3aa9bb9dc58ba02bb41c9f7ecb60e1ba.jpg,枝形吊灯
34a8567dc6daac9c39462e86422a20b5.jpg,传统风格枝形吊灯 / 黄铜 / led,传统风格枝形吊灯 / 黄铜 / led,./data/img/34a8567dc6daac9c39462e86422a20b5.jpg,枝形吊灯
d759cfbf112fe5d32d13e599acd4dd8d.jpg,现代led 枝形吊灯香水瓶水晶泡泡柱枝形吊灯餐灯创意艺术餐厅吊灯,现代led 枝形吊灯香水瓶水晶泡泡柱枝形吊灯餐灯创意艺术餐厅吊灯,./data/img/d759cfbf112fe5d32d13e599acd4dd8d.jpg,枝形吊灯
0cbaadfb184c764c2b922c5a9327f9d1.jpg,美式铁艺吊灯枝形吊灯枝形灯,美式铁艺吊灯枝形吊灯枝形灯,./data/img/0cbaadfb184c764c2b922c5a9327f9d1.jpg,枝形吊灯
e2212a855e5e666c0a33f33994d2d75e.jpg,精密切割水晶棱镜装饰吊灯,精密切割水晶棱镜装饰吊灯,./data/img/e2212a855e5e666c0a33f33994d2d75e.jpg,枝形吊灯
1e225fd5cf3cf4f3d05d38d8c1ae80d7.jpg,美国艺术吊灯,美国艺术吊灯,./data/img/1e225fd5cf3cf4f3d05d38d8c1ae80d7.jpg,枝形吊灯
942d6ce0553a05aa8dd3bb29a61a2a6e.jpg,枝形吊灯厂家 pvc亮片吊灯罩 婚庆枝形吊灯装饰 艺术枝形吊灯,枝形吊灯厂家 pvc亮片吊灯罩 婚庆枝形吊灯装饰 艺术枝形吊灯,./data/img/942d6ce0553a05aa8dd3bb29a61a2a6e.jpg,枝形吊灯
1d5f9dc093fdf08df1fb306377b9b892.jpg,类型: 枝形吊灯 照射面积: 20㎡-30㎡ 功率: 101w-150w 风格: 北欧,类型: 枝形吊灯 照射面积: 20㎡-30㎡ 功率: 101w-150w 风格: 北欧,./data/img/1d5f9dc093fdf08df1fb306377b9b892.jpg,枝形吊灯
85da0cd969444bc94be139915934b678.jpg,"meerosee 热卖枝形吊灯水晶灯,优雅银色吊灯,豪华酒店楼梯灯 md66118","meerosee 热卖枝形吊灯水晶灯,优雅银色吊灯,豪华酒店楼梯灯 md66118",./data/img/85da0cd969444bc94be139915934b678.jpg,枝形吊灯
520cf99ea6a5e2ebad64f78c4b742310.jpg,简欧宫廷风蜡烛灯饰客厅烛台灯具欧式古典铁艺8头大气枝形吊灯 d6128,简欧宫廷风蜡烛灯饰客厅烛台灯具欧式古典铁艺8头大气枝形吊灯 d6128,./data/img/520cf99ea6a5e2ebad64f78c4b742310.jpg,枝形吊灯
957da78d764f8d1ac2f36a47a96b88cc.jpg,吊灯具圆形吊灯店铺门店灯饰商业照明吊灯家装精品吊灯卧室其他视频,吊灯具圆形吊灯店铺门店灯饰商业照明吊灯家装精品吊灯卧室其他视频,./data/img/957da78d764f8d1ac2f36a47a96b88cc.jpg,圆形吊灯
497320f77dd343714d7dad74873762a0.jpg,圆形玻璃球吊灯,圆形玻璃球吊灯,./data/img/497320f77dd343714d7dad74873762a0.jpg,圆形吊灯
7a34cfe089c4244269cbd7c22a6a1acf.jpg,后现代水晶吊灯香槟色轻奢客厅家用大气餐厅圆形客厅吊灯,后现代水晶吊灯香槟色轻奢客厅家用大气餐厅圆形客厅吊灯,./data/img/7a34cfe089c4244269cbd7c22a6a1acf.jpg,圆形吊灯
f91fc35b9f3ffb77fa74603ef87d6588.jpg,北欧丹麦风格现代简约创意个性艺术客厅餐厅吧台卧室床头圆形吊灯,北欧丹麦风格现代简约创意个性艺术客厅餐厅吧台卧室床头圆形吊灯,./data/img/f91fc35b9f3ffb77fa74603ef87d6588.jpg,圆形吊灯
0f38647f8b1e69b15d94fc5444ba6192.jpg,办公室灯圆环圆形吊灯个姓创意网咖灯组合酒店大堂环形吊灯定制,办公室灯圆环圆形吊灯个姓创意网咖灯组合酒店大堂环形吊灯定制,./data/img/0f38647f8b1e69b15d94fc5444ba6192.jpg,圆形吊灯
812bcfdc9b9eaa9a92737b6d9fa84b21.jpg,轻奢客厅灯北欧风圆形温馨简约魔豆餐厅吊灯后现代主卧室房间吊灯,轻奢客厅灯北欧风圆形温馨简约魔豆餐厅吊灯后现代主卧室房间吊灯,./data/img/812bcfdc9b9eaa9a92737b6d9fa84b21.jpg,圆形吊灯
5665f35c583e7f24cd7fe16950a01fe5.jpg,客餐厅水晶灯别墅豪华酒店咖啡厅工程吊灯 jddbr1a07 (6072圆形吊灯),客餐厅水晶灯别墅豪华酒店咖啡厅工程吊灯 jddbr1a07 (6072圆形吊灯),./data/img/5665f35c583e7f24cd7fe16950a01fe5.jpg,圆形吊灯
bec7b0be0c9fcf1aea1245f9393bccd1.jpg,环形亚克力圆形餐厅吊灯,环形亚克力圆形餐厅吊灯,./data/img/bec7b0be0c9fcf1aea1245f9393bccd1.jpg,圆形吊灯
6822acc57d2e14ffba2542068598ebaf.jpg,亚克力圆形吊灯,亚克力圆形吊灯,./data/img/6822acc57d2e14ffba2542068598ebaf.jpg,圆形吊灯
5147e599acdcdc1921adcfa14175038e.jpg,环形吊灯,环形吊灯,./data/img/5147e599acdcdc1921adcfa14175038e.jpg,圆形吊灯
06ebee1290db752b567dabc8396585c3.jpg,圆形吧台吊灯,圆形吧台吊灯,./data/img/06ebee1290db752b567dabc8396585c3.jpg,圆形吊灯
ec83a39f8780292023fa8e9c3b4c0fbf.jpg,水晶圆球吊灯 餐厅灯 现代简约创意客厅灯圆形卧室灯具吧台灯饰,水晶圆球吊灯 餐厅灯 现代简约创意客厅灯圆形卧室灯具吧台灯饰,./data/img/ec83a39f8780292023fa8e9c3b4c0fbf.jpg,圆形吊灯
6b288374696d957e6196c5a4f172539e.jpg,水晶吊灯圆形饭厅灯现代简约闪电客卧室灯复式楼梯灯客厅服装店餐厅,水晶吊灯圆形饭厅灯现代简约闪电客卧室灯复式楼梯灯客厅服装店餐厅,./data/img/6b288374696d957e6196c5a4f172539e.jpg,圆形吊灯
6c279245d8bbf40a7c02f180cd4373df.jpg,中式餐厅吊灯圆形铁艺灯具,中式餐厅吊灯圆形铁艺灯具,./data/img/6c279245d8bbf40a7c02f180cd4373df.jpg,圆形吊灯
e142f07c5e4c6dca795d3b1883efe531.jpg,中式餐厅吊灯圆形铁艺灯具,中式餐厅吊灯圆形铁艺灯具,./data/img/e142f07c5e4c6dca795d3b1883efe531.jpg,圆形吊灯
ed35d72f3c57f8bd509a909c4c3d7936.jpg,现代新中式吊灯中国风圆形个性创意客厅灯现代简约书房卧室铁艺仿古,现代新中式吊灯中国风圆形个性创意客厅灯现代简约书房卧室铁艺仿古,./data/img/ed35d72f3c57f8bd509a909c4c3d7936.jpg,圆形吊灯
f3e9521bccfef37767363386fea2ad96.jpg,现代创意中式祥云吊灯酒店茶楼羊皮灯具餐厅客厅大堂圆形吸顶灯饰,现代创意中式祥云吊灯酒店茶楼羊皮灯具餐厅客厅大堂圆形吸顶灯饰,./data/img/f3e9521bccfef37767363386fea2ad96.jpg,圆形吊灯
e6a3cb4847b21209515b4fe5d2c03aef.jpg,定制 现代简约球形螺旋别墅水晶吊灯圆形吊线复式楼梯灯饰酒店大堂,定制 现代简约球形螺旋别墅水晶吊灯圆形吊线复式楼梯灯饰酒店大堂,./data/img/e6a3cb4847b21209515b4fe5d2c03aef.jpg,圆形吊灯
7b0baed4b2b57cc8dc8320dfb127ddc9.jpg,长歌餐厅吊灯三头餐厅灯吊灯现代简约圆形水晶餐吊灯饭厅吧台餐桌灯,长歌餐厅吊灯三头餐厅灯吊灯现代简约圆形水晶餐吊灯饭厅吧台餐桌灯,./data/img/7b0baed4b2b57cc8dc8320dfb127ddc9.jpg,圆形吊灯
03d5eb57ee2430870ee560f3a60768ab.jpg,供应北欧创意木质圆形吊灯咖啡厅吧台卧室木艺吊灯客厅餐厅经纬线吊灯,供应北欧创意木质圆形吊灯咖啡厅吧台卧室木艺吊灯客厅餐厅经纬线吊灯,./data/img/03d5eb57ee2430870ee560f3a60768ab.jpg,圆形吊灯
135d8a5f33279298b869060a1a692d95.jpg,现代创意个性卧室灯双圈简约艺术客厅led餐厅吊灯环形办公室灯饰,现代创意个性卧室灯双圈简约艺术客厅led餐厅吊灯环形办公室灯饰,./data/img/135d8a5f33279298b869060a1a692d95.jpg,圆形吊灯
5cfb17ffd963f5bedf224a8fc539c815.jpg,时尚圆形灯餐厅吊灯,时尚圆形灯餐厅吊灯,./data/img/5cfb17ffd963f5bedf224a8fc539c815.jpg,圆形吊灯
944e8798a86aa607eac4640d034a57e9.jpg,[诺福克旗舰店] 美式田园风格客厅卧室餐厅全铜吊灯蓝色圆形灯饰简美,[诺福克旗舰店] 美式田园风格客厅卧室餐厅全铜吊灯蓝色圆形灯饰简美,./data/img/944e8798a86aa607eac4640d034a57e9.jpg,圆形吊灯
087fc394e179f5f4a1945c406df2497f.jpg,美式北欧烛台吊灯客厅简约大气创意圆形吊灯复古木艺餐厅吊灯-tmall.,美式北欧烛台吊灯客厅简约大气创意圆形吊灯复古木艺餐厅吊灯-tmall.,./data/img/087fc394e179f5f4a1945c406df2497f.jpg,圆形吊灯
93d25ea5bbcd0e63c2707afdf0390f06.jpg,餐厅灯圆形吊灯,餐厅灯圆形吊灯,./data/img/93d25ea5bbcd0e63c2707afdf0390f06.jpg,圆形吊灯
5aacdde8071a34bd009fdaf36dd5983c.jpg,led餐厅椭圆形水晶吊灯圆,led餐厅椭圆形水晶吊灯圆,./data/img/5aacdde8071a34bd009fdaf36dd5983c.jpg,圆形吊灯
d6251c9b4361ecc26758d28984da3b57.jpg,麻球吊灯餐厅卧室创意个性艺术吊灯田园藤艺圆形鸟巢装饰北欧灯具,麻球吊灯餐厅卧室创意个性艺术吊灯田园藤艺圆形鸟巢装饰北欧灯具,./data/img/d6251c9b4361ecc26758d28984da3b57.jpg,圆形吊灯
9903ca4a6e9cc95fb641bd238096163e.jpg,美式复古个性简约客厅餐厅卧室酒店大堂别墅圆形大工程水晶吊灯 rh,美式复古个性简约客厅餐厅卧室酒店大堂别墅圆形大工程水晶吊灯 rh,./data/img/9903ca4a6e9cc95fb641bd238096163e.jpg,圆形吊灯
9700f16968d19a766afbbc1b6efa5acb.jpg,北欧风格床头吊灯简约现代圆形单头个性创意可旋转卧室餐厅吊灯具,北欧风格床头吊灯简约现代圆形单头个性创意可旋转卧室餐厅吊灯具,./data/img/9700f16968d19a766afbbc1b6efa5acb.jpg,圆形吊灯
e2fd4e13bc887316bd723007071b13ee.jpg,丹麦北欧后现代圆形圈圈金属餐厅吊灯创意个性简约床头玻璃球灯具,丹麦北欧后现代圆形圈圈金属餐厅吊灯创意个性简约床头玻璃球灯具,./data/img/e2fd4e13bc887316bd723007071b13ee.jpg,圆形吊灯
3a6b1e7c7dd9e3188bf6c840055e1177.jpg,吊灯具圆形吊灯店铺门店灯饰商业照明吊灯家装精品吊灯卧室其他视频,吊灯具圆形吊灯店铺门店灯饰商业照明吊灯家装精品吊灯卧室其他视频,./data/img/3a6b1e7c7dd9e3188bf6c840055e1177.jpg,圆形吊灯
539cdd4d8cda197adfc93b65e3d2a361.jpg,圆形吧台吊灯,圆形吧台吊灯,./data/img/539cdd4d8cda197adfc93b65e3d2a361.jpg,圆形吊灯
2bcaaee8d0a7c3a25098f752ab3a9c65.jpg,中式吊灯大厅,中式吊灯大厅,./data/img/2bcaaee8d0a7c3a25098f752ab3a9c65.jpg,圆形吊灯
39d4c13fdc73c4a6e240dd7b8fe35bec.jpg,北欧led圆形吊灯圆环现代简约客厅餐厅酒店大堂大圆圈灯工程吊灯,北欧led圆形吊灯圆环现代简约客厅餐厅酒店大堂大圆圈灯工程吊灯,./data/img/39d4c13fdc73c4a6e240dd7b8fe35bec.jpg,圆形吊灯
73f35502eaf8dcf61345bf023563f80a.jpg,港式后现代轻奢吊灯简约水晶客厅大气家用圆形客厅吊灯,港式后现代轻奢吊灯简约水晶客厅大气家用圆形客厅吊灯,./data/img/73f35502eaf8dcf61345bf023563f80a.jpg,圆形吊灯
97d8253b1db47ec0970e433b659f7dad.jpg,现代新中式吊灯仿古羊皮灯客厅餐厅茶楼圆形吊灯古典木艺灯饰灯具,现代新中式吊灯仿古羊皮灯客厅餐厅茶楼圆形吊灯古典木艺灯饰灯具,./data/img/97d8253b1db47ec0970e433b659f7dad.jpg,圆形吊灯
7e3deaa6894f4f18c467bf11699c5934.jpg,佳宜居 皮沙发 优质中厚牛皮 转角客厅皮沙发 皮艺沙发 t016(酒红色,佳宜居 皮沙发 优质中厚牛皮 转角客厅皮沙发 皮艺沙发 t016(酒红色,./data/img/7e3deaa6894f4f18c467bf11699c5934.jpg,红色色皮沙发
30b7b59bc982397e2d9b9be3e77e8b46.jpg,意利达简爱系列酒红色真皮沙发,意利达简爱系列酒红色真皮沙发,./data/img/30b7b59bc982397e2d9b9be3e77e8b46.jpg,红色色皮沙发
c2f8400bd380ee6427cbd954a811a0d3.jpg,"深红色皮沙发配什么颜色的茶几(什么材质),沙发下的地毯配什么颜色好?","深红色皮沙发配什么颜色的茶几(什么材质),沙发下的地毯配什么颜色好?",./data/img/c2f8400bd380ee6427cbd954a811a0d3.jpg,红色色皮沙发
ec0fd8ea95ae0b7eae9102fde0c1d12e.jpg,佳宜居 真皮沙发 优质中厚牛皮 皮艺沙发 转角客厅组合皮沙发 t016,佳宜居 真皮沙发 优质中厚牛皮 皮艺沙发 转角客厅组合皮沙发 t016,./data/img/ec0fd8ea95ae0b7eae9102fde0c1d12e.jpg,红色色皮沙发
2e520fe913eb72f1b86902669cba89bb.jpg,凯瑞蒂真皮沙发头层牛皮组合简约现代好用吗,凯瑞蒂真皮沙发头层牛皮组合简约现代好用吗,./data/img/2e520fe913eb72f1b86902669cba89bb.jpg,红色色皮沙发
0fb162c915aeaeceb2aaf8b6ebb98bd4.jpg,真皮沙发组合现代客厅转角皮沙发大小户型中厚真皮沙发 热情枣红色,真皮沙发组合现代客厅转角皮沙发大小户型中厚真皮沙发 热情枣红色,./data/img/0fb162c915aeaeceb2aaf8b6ebb98bd4.jpg,红色色皮沙发
fc1ec04764cd00cf094a97953aa351c9.jpg,[周末尊享]朗尼 简欧经典皮沙发床(三人位)(原价购买),[周末尊享]朗尼 简欧经典皮沙发床(三人位)(原价购买),./data/img/fc1ec04764cd00cf094a97953aa351c9.jpg,红色色皮沙发
d020156a5d861d16a87a2668b8fb3505.jpg,美式湖蓝色三人位油蜡真皮沙发北欧简约现代红色黄色法式loft组合,美式湖蓝色三人位油蜡真皮沙发北欧简约现代红色黄色法式loft组合,./data/img/d020156a5d861d16a87a2668b8fb3505.jpg,红色色皮沙发
7d6c2f6fe87310449224659f7833c63d.jpg,桑德森 沙发 真皮沙发客厅整装现代简约多功能沙发北欧皮沙发组合智能,桑德森 沙发 真皮沙发客厅整装现代简约多功能沙发北欧皮沙发组合智能,./data/img/7d6c2f6fe87310449224659f7833c63d.jpg,红色色皮沙发
a7057e4f13f97a5d52e56ed84528ed8b.jpg,泰安沙发换皮换面简述真皮沙发改色方法,泰安沙发换皮换面简述真皮沙发改色方法,./data/img/a7057e4f13f97a5d52e56ed84528ed8b.jpg,红色色皮沙发
d55a230da2253d855b3e8931476efe98.jpg,华纳斯 沙发 头层牛皮真皮沙发 皮艺沙发组合 香槟金 脚踏或边几(二选,华纳斯 沙发 头层牛皮真皮沙发 皮艺沙发组合 香槟金 脚踏或边几(二选,./data/img/d55a230da2253d855b3e8931476efe98.jpg,红色色皮沙发
f73429c8314982d62bbc7084a7026fae.jpg,皮沙发什么颜色好看 浅色系皮沙发清洗小妙招,皮沙发什么颜色好看 浅色系皮沙发清洗小妙招,./data/img/f73429c8314982d62bbc7084a7026fae.jpg,红色色皮沙发
dfb37476f30c76d7b27d19ff4f128f72.jpg,欧式真皮沙发 别墅大户型客厅沙发组合 高档家具 头层黄牛皮沙发,欧式真皮沙发 别墅大户型客厅沙发组合 高档家具 头层黄牛皮沙发,./data/img/dfb37476f30c76d7b27d19ff4f128f72.jpg,红色色皮沙发
e35a5119932eafa66d25d4f920a86f79.jpg,大红短毛绒加厚 色红色沙发垫防滑结婚喜庆坐垫冬季皮沙发罩婚庆定制,大红短毛绒加厚 色红色沙发垫防滑结婚喜庆坐垫冬季皮沙发罩婚庆定制,./data/img/e35a5119932eafa66d25d4f920a86f79.jpg,红色色皮沙发
c9b0b61d02f92aaa73a0fd1085bb104e.jpg,慕远 品牌正品黑色双色青皮沙发五包到家可调节头层牛皮真皮沙发 新品,慕远 品牌正品黑色双色青皮沙发五包到家可调节头层牛皮真皮沙发 新品,./data/img/c9b0b61d02f92aaa73a0fd1085bb104e.jpg,红色色皮沙发
7c3f499609f01f09140c95cb8a8acc9e.jpg,大公馆家具美合系列樱桃色真皮沙发mh-69-43,大公馆家具美合系列樱桃色真皮沙发mh-69-43,./data/img/7c3f499609f01f09140c95cb8a8acc9e.jpg,红色色皮沙发
32a8fea270d4c120f7dacbac74e08aa2.jpg,西安梨园路服务最好的真皮沙发维修公司,西安梨园路服务最好的真皮沙发维修公司,./data/img/32a8fea270d4c120f7dacbac74e08aa2.jpg,红色色皮沙发
fa985efc3a1737bd7e1fc425633de360.jpg,美式乡村真皮沙发头层牛皮红色沙发客厅双三人沙发组合定制家具,美式乡村真皮沙发头层牛皮红色沙发客厅双三人沙发组合定制家具,./data/img/fa985efc3a1737bd7e1fc425633de360.jpg,红色色皮沙发
13320844e9d3acec6083269f8f60c73b.jpg,念家家具欧式真皮沙发 进口牛皮沙发 客厅转角皮艺沙发组合家.,念家家具欧式真皮沙发 进口牛皮沙发 客厅转角皮艺沙发组合家.,./data/img/13320844e9d3acec6083269f8f60c73b.jpg,红色色皮沙发
2a00e2a4060d287a8085abf0d3a23454.jpg,念家家具欧式真皮沙发 进口牛皮沙发 客厅转角皮艺沙发组合家.,念家家具欧式真皮沙发 进口牛皮沙发 客厅转角皮艺沙发组合家.,./data/img/2a00e2a4060d287a8085abf0d3a23454.jpg,红色色皮沙发
00319c1644ef8d83c59c8f19ceec8504.jpg,欧式真皮沙发123组合客厅豪华实木雕花沙发高档香槟色贴金箔沙发,欧式真皮沙发123组合客厅豪华实木雕花沙发高档香槟色贴金箔沙发,./data/img/00319c1644ef8d83c59c8f19ceec8504.jpg,红色色皮沙发
e01b4f184d0f9c35ded2ee065cd2d292.jpg,简约现代雪尼尔沙发垫布艺防滑沙发巾套罩通用皮沙发布艺沙发坐垫,简约现代雪尼尔沙发垫布艺防滑沙发巾套罩通用皮沙发布艺沙发坐垫,./data/img/e01b4f184d0f9c35ded2ee065cd2d292.jpg,红色色皮沙发
e53950f6d9d43ccb9fa61b13c22c89e9.jpg,太原维修沙发 太原沙发清洗 太原真皮沙发换面,太原维修沙发 太原沙发清洗 太原真皮沙发换面,./data/img/e53950f6d9d43ccb9fa61b13c22c89e9.jpg,红色色皮沙发
512bacaedd621c7b9cfb3f6677576c2f.jpg,公牛家私欧式厚皮沙发实木沙发别墅酒店皮木沙发大象雕花r699,公牛家私欧式厚皮沙发实木沙发别墅酒店皮木沙发大象雕花r699,./data/img/512bacaedd621c7b9cfb3f6677576c2f.jpg,红色色皮沙发
0b649b7ceacd99e598075e9103611889.jpg,雕刻真皮沙发图片,雕刻真皮沙发图片,./data/img/0b649b7ceacd99e598075e9103611889.jpg,红色色皮沙发
ee4ea284e929724590a5951f99c43ada.jpg,"欧美时尚家居,30种明亮和时尚的沙发,为客厅增添了色彩","欧美时尚家居,30种明亮和时尚的沙发,为客厅增添了色彩",./data/img/ee4ea284e929724590a5951f99c43ada.jpg,红色色皮沙发
0b0ee05fd370d0d3397b05d78cdd181f.jpg,2018 定制家具餐厅沙发卡座火锅店 舒适酒吧ktv专用皮质座椅批发,2018 定制家具餐厅沙发卡座火锅店 舒适酒吧ktv专用皮质座椅批发,./data/img/0b0ee05fd370d0d3397b05d78cdd181f.jpg,红色色皮沙发
ab718cc69e6cf91daf1755b618db8725.jpg,"红色沙发与客厅如何和谐共处,还得看你的搭配功底","红色沙发与客厅如何和谐共处,还得看你的搭配功底",./data/img/ab718cc69e6cf91daf1755b618db8725.jpg,红色色皮沙发
0b22b8a3712c29e47cd07a72889c49db.jpg,朗尼 卢卡斯系列头层黄牛皮沙发超值组合 (单人位)(原价购买),朗尼 卢卡斯系列头层黄牛皮沙发超值组合 (单人位)(原价购买),./data/img/0b22b8a3712c29e47cd07a72889c49db.jpg,红色色皮沙发
d77e1b97c1cabe2d63d49e7debd3d429.jpg,现代简约黑白条纹地毯设计师样板间定制美式田园客厅进口羊毛手工,现代简约黑白条纹地毯设计师样板间定制美式田园客厅进口羊毛手工,./data/img/d77e1b97c1cabe2d63d49e7debd3d429.jpg,客厅条纹地毯
0aaceb157aa026884b1cce4e06826d84.jpg,短绒地毯灰色条纹,短绒地毯灰色条纹,./data/img/0aaceb157aa026884b1cce4e06826d84.jpg,客厅条纹地毯
25c00481bedbc27fa89fa2305d6906f0.jpg,现代条纹地毯,现代条纹地毯,./data/img/25c00481bedbc27fa89fa2305d6906f0.jpg,客厅条纹地毯
0c2402fe632d6bf1ebb278903cedd58d.jpg,时尚北欧几何条纹地毯客厅茶几沙发卧室地毯床边门厅玄关定制满铺 by,时尚北欧几何条纹地毯客厅茶几沙发卧室地毯床边门厅玄关定制满铺 by,./data/img/0c2402fe632d6bf1ebb278903cedd58d.jpg,客厅条纹地毯
c6c3c49f39908f67bca57d1b98f14b15.jpg,北欧ins风格卧室客厅床边茶几地毯,北欧ins风格卧室客厅床边茶几地毯,./data/img/c6c3c49f39908f67bca57d1b98f14b15.jpg,客厅条纹地毯
493d6960e9261fadf571ff8ed1abb8b6.jpg,原创北欧轻奢侘寂风抽象客厅地毯几何条纹地毯地垫版权可商用,原创北欧轻奢侘寂风抽象客厅地毯几何条纹地毯地垫版权可商用,./data/img/493d6960e9261fadf571ff8ed1abb8b6.jpg,客厅条纹地毯
4d0c374cd4e8a69e81621ca008175c7f.jpg,"这个夏天只想在客厅独宠地毯,空调相伴","这个夏天只想在客厅独宠地毯,空调相伴",./data/img/4d0c374cd4e8a69e81621ca008175c7f.jpg,客厅条纹地毯
4c87715bd2581057bb08ffae45ac71c8.jpg,几条鱼新西兰进口羊毛客厅地毯条纹北欧高级灰色卧室床边毯可,几条鱼新西兰进口羊毛客厅地毯条纹北欧高级灰色卧室床边毯可,./data/img/4c87715bd2581057bb08ffae45ac71c8.jpg,客厅条纹地毯
8ca924032c082454b673655f7e2e9920.jpg,条纹地毯客厅茶几沙发毯现代简约防滑家用房间地毯浅色可洗可定制,条纹地毯客厅茶几沙发毯现代简约防滑家用房间地毯浅色可洗可定制,./data/img/8ca924032c082454b673655f7e2e9920.jpg,客厅条纹地毯
45e984327f5d8ac567cb9464e23482d4.jpg,原创客厅极简仿羊绒条纹地毯浴室地垫sh0775版权可商用,原创客厅极简仿羊绒条纹地毯浴室地垫sh0775版权可商用,./data/img/45e984327f5d8ac567cb9464e23482d4.jpg,客厅条纹地毯
d66c5c620acd09f9ed8c6c62dd08c7b3.jpg,现代简约宜家条纹地毯客厅茶几沙发地毯卧室床边地毯时尚个性地毯,现代简约宜家条纹地毯客厅茶几沙发地毯卧室床边地毯时尚个性地毯,./data/img/d66c5c620acd09f9ed8c6c62dd08c7b3.jpg,客厅条纹地毯
d8ad73e09a54618b8fc5a05914bc3a3d.jpg,彩色条纹地毯,彩色条纹地毯,./data/img/d8ad73e09a54618b8fc5a05914bc3a3d.jpg,客厅条纹地毯
d1f70a8dc6bbb083be0f7e0d25819fa1.jpg,地中海黑白条纹客厅茶几沙发地毯卧室床边书房手工腈纶地毯定制,地中海黑白条纹客厅茶几沙发地毯卧室床边书房手工腈纶地毯定制,./data/img/d1f70a8dc6bbb083be0f7e0d25819fa1.jpg,客厅条纹地毯
2a55bb938920b3b283072a90bf4aa401.jpg,简约现代黑白条纹地毯客厅茶几沙发地毯卧室床边手工腈纶地毯定制,简约现代黑白条纹地毯客厅茶几沙发地毯卧室床边手工腈纶地毯定制,./data/img/2a55bb938920b3b283072a90bf4aa401.jpg,客厅条纹地毯
0f4935de3d147b8fac126bdc37c16c36.jpg,3米沙发客厅加工,3米沙发客厅加工,./data/img/0f4935de3d147b8fac126bdc37c16c36.jpg,客厅条纹地毯
faeb1100e2ae5a4091bad9ddd741cd9c.jpg,倍丽雅地毯 商用条纹地毯 客厅茶几办公用地毯 满铺方形地毯,倍丽雅地毯 商用条纹地毯 客厅茶几办公用地毯 满铺方形地毯,./data/img/faeb1100e2ae5a4091bad9ddd741cd9c.jpg,客厅条纹地毯
e04c103f1130f283e9ce1883a826a4c0.jpg,卡通可爱简约条纹厨房洗手间客厅长条床边地毯进门垫浴室防滑地垫,卡通可爱简约条纹厨房洗手间客厅长条床边地毯进门垫浴室防滑地垫,./data/img/e04c103f1130f283e9ce1883a826a4c0.jpg,客厅条纹地毯
feac2451fbca7c4931431590fe8bf2d2.jpg,现代简约客厅沙发黑色条纹地毯贴图,现代简约客厅沙发黑色条纹地毯贴图,./data/img/feac2451fbca7c4931431590fe8bf2d2.jpg,客厅条纹地毯
0fd3905d7a3a1d5fe13a9b01c6d201fc.jpg,包邮黑白格子条纹地毯地垫经典腈纶地毯客厅卧室书房新款加密,包邮黑白格子条纹地毯地垫经典腈纶地毯客厅卧室书房新款加密,./data/img/0fd3905d7a3a1d5fe13a9b01c6d201fc.jpg,客厅条纹地毯
